,datetime,target_sum,exposure_time,sky_mean,time,m_inst,m_inst_sky,calibed_mags,airmass,altitude,azimuth,utc,zenith_angle,km_distance
0,2024-01-18 09:09:24.250,-24461.55951028131,0.046,36841515.33492658,2024-01-18T09:09:24.250,,-22.188720943040934,,1.8337722397112088,32.73929245948663,149.58847403335358,2024-01-18 09:09:24.250,57.26070754051337,639.5931068089362
1,2024-01-18 09:09:24.958,155028.74519839324,0.046,36239951.71592585,2024-01-18T09:09:24.958,-16.43833446417115,-22.170846256640356,5.137671235159403,1.8227469675445036,32.963584630869285,149.4309600184441,2024-01-18 09:09:24.958,57.036415369130715,634.820034801892
2,2024-01-18 09:09:25.812,140848.05877942033,0.046,36008402.09082267,2024-01-18T09:09:25.812,-16.334181048879294,-22.163886854558882,5.245204201575368,1.8095451076581526,33.23650978137573,149.2378353136453,2024-01-18 09:09:25.812,56.76349021862427,629.0688841820134
3,2024-01-18 09:09:26.657,155826.4276851155,0.046,35692439.30504824,2024-01-18T09:09:26.657,-16.443906670988152,-22.15431780488588,5.1387958201732395,1.7965866568428623,33.509142801767744,149.04329471558023,2024-01-18 09:09:26.657,56.490857198232256,623.3851904500602
4,2024-01-18 09:09:27.517,146148.17916075513,0.046,35421266.54325176,2024-01-18T09:09:27.517,-16.374287406779736,-22.146037445740983,5.211763968384564,1.7835045948297648,33.789278197924126,148.84168219419593,2024-01-18 09:09:27.517,56.210721802075874,617.6077941547761
5,2024-01-18 09:09:28.250,205662.34529649466,0.046,35139446.67663398,2024-01-18T09:09:28.250,-16.745190844565386,-22.137364527186843,4.843693187469016,1.772439119643309,34.03018262861016,148.66688769768697,2024-01-18 09:09:28.250,55.96981737138984,612.6894534826466
6,2024-01-18 09:09:29.112,164849.55236059614,0.046,34893522.82173575,2024-01-18T09:09:29.112,-16.505023314942,-22.129739274901077,5.087166368231274,1.7595259422520257,34.31602106828071,148.4577619836895,2024-01-18 09:09:29.112,55.68397893171929,606.9126548648871
7,2024-01-18 09:09:29.841,170921.6149516832,0.046,34623328.56924506,2024-01-18T09:09:29.841,-16.544296353476096,-22.12129927355951,5.050667415860886,1.7486892673502439,34.55991311649139,148.27781768164243,2024-01-18 09:09:29.841,55.44008688350861,602.0333326206699
8,2024-01-18 09:09:30.599,189618.254102353,0.046,34372990.53179993,2024-01-18T09:09:30.599,-16.657004243295376,-22.113420526781873,4.94082304311663,1.7375032400293549,34.8156178550501,148.08764196333192,2024-01-18 09:09:30.599,55.1843821449499,596.9660550123198
9,2024-01-18 09:09:31.345,165060.79512548447,0.046,34148816.85643254,2024-01-18T09:09:31.345,-16.506413716612784,-22.106316384228087,5.094210920180036,1.7265756859180783,35.06938915418584,147.8973446774113,2024-01-18 09:09:31.345,54.93061084581416,591.9852728263502
10,2024-01-18 09:09:32.096,203770.48097597994,0.046,33905985.861297876,2024-01-18T09:09:32.096,-16.735157060880642,-22.098568172156288,4.868262789164078,1.7156564802754133,35.32699374259495,147.7025570452591,2024-01-18 09:09:32.096,54.67300625740505,586.9775579293457
11,2024-01-18 09:09:32.836,196187.84602029994,0.046,33667953.22159594,2024-01-18T09:09:32.836,-16.69398413203973,-22.090919018435315,4.912169477925712,1.7049773355869888,35.58293055816971,147.50739082204075,2024-01-18 09:09:32.836,54.41706944183029,582.0496864635737
12,2024-01-18 09:09:33.584,171073.76151706092,0.046,33435315.75906954,2024-01-18T09:09:33.584,-16.54526239604114,-22.083390803150664,5.063633818728912,1.694263639292899,35.84377036853376,147.3067749917263,2024-01-18 09:09:33.584,54.15622963146624,577.0752636936005
13,2024-01-18 09:09:34.435,195585.93213758804,0.046,33209382.273030967,2024-01-18T09:09:34.435,-16.690647919943636,-22.076029224130515,4.92134321133635,1.6821736744947202,36.14315437019667,147.07434625476998,2024-01-18 09:09:34.435,53.85684562980333,571.4243058075625
14,2024-01-18 09:09:35.170,226358.90383724868,0.046,32948137.478409648,2024-01-18T09:09:35.170,-16.849297839892404,-22.067454404300197,4.765344597354573,1.671816627476744,36.40399124631574,146.86991961157244,2024-01-18 09:09:35.170,53.59600875368426,566.5510663834621
15,2024-01-18 09:09:35.932,196310.87740018964,0.046,32719408.310158975,2024-01-18T09:09:35.932,-16.69466479477758,-22.05989083418698,4.9227050354959445,1.6611623543886367,36.67663444069431,146.65428793237172,2024-01-18 09:09:35.932,53.32336555930569,561.5062895852973
16,2024-01-18 09:09:36.674,176952.17894294672,0.046,32501551.43781785,2024-01-18T09:09:36.674,-16.581943671482193,-22.052637461210193,5.0380610868528315,1.650869285930412,36.94430753996345,146.44060996246228,2024-01-18 09:09:36.674,53.05569246003655,556.6014358488652
17,2024-01-18 09:09:37.513,178416.14393898286,0.046,32263240.14212185,2024-01-18T09:09:37.513,-16.59088925660082,-22.04464718244261,5.03207002218467,1.6393277635252161,37.24958208370459,146.19447711296965,2024-01-18 09:09:37.513,52.75041791629541,551.064566651036
18,2024-01-18 09:09:38.365,197525.26171567105,0.046,31988078.28593588,2024-01-18T09:09:38.365,-16.70136049923723,-22.035347606241174,4.924572011347392,1.6277131472107271,37.56243176171417,145.93948417740896,2024-01-18 09:09:38.365,52.43756823828583,545.4521786087258
19,2024-01-18 09:09:39.118,220720.45219591632,0.046,31728444.30355535,2024-01-18T09:09:39.118,-16.82191032755081,-22.026499176872246,4.806627172147814,1.6175370320920024,37.84132397832307,145.70976942833968,2024-01-18 09:09:39.118,52.15867602167693,540.5008109003909
20,2024-01-18 09:09:39.978,196549.43768196926,0.046,31517613.44362908,2024-01-18T09:09:39.978,-16.695983398651975,-22.0192605424419,4.935503058758539,1.6060172399381258,38.162603103957764,145.442276712133,2024-01-18 09:09:39.978,51.837396896042236,534.8563625676653
21,2024-01-18 09:09:40.717,188420.52705363743,0.046,31300836.649568714,2024-01-18T09:09:40.717,-16.650124420186184,-22.01176709592806,4.983873706608233,1.5962056684987829,38.44103272716103,145.20792563908705,2024-01-18 09:09:40.717,51.55896727283897,530.0152823791445
22,2024-01-18 09:09:41.563,214910.46606910788,0.046,31080786.499671776,2024-01-18T09:09:41.563,-16.792947799506493,-22.00410723093871,4.843900190518024,1.585072978482458,38.76245195376905,144.93439806185975,2024-01-18 09:09:41.563,51.23754804623095,524.4840310740905
23,2024-01-18 09:09:42.432,196711.59822060727,0.046,30837804.38606865,2024-01-18T09:09:42.432,-16.69687880176435,-21.99558585381144,4.942868125557606,1.5737485857999332,39.09558683400246,144.64743725728448,2024-01-18 09:09:42.432,50.90441316599754,518.8147465887643
24,2024-01-18 09:09:43.172,228367.10002569482,0.046,30572767.18567264,2024-01-18T09:09:43.172,-16.85888772683381,-21.98621410352892,4.783305027010656,1.564194222551464,39.38164882073153,144.39814508206874,2024-01-18 09:09:43.172,50.61835117926847,513.9972189369317
25,2024-01-18 09:09:44.021,242590.75035454705,0.046,30370866.112005416,2024-01-18T09:09:44.021,-16.924489479008958,-21.979020173807918,4.7204834639204405,1.5533337072318432,39.71254275499579,144.10638440972434,2024-01-18 09:09:44.021,50.28745724500421,508.4819727178074
26,2024-01-18 09:09:44.869,247453.13417183422,0.046,30128835.322148822,2024-01-18T09:09:44.869,-16.946036281578372,-21.970333089843205,4.7016858372211985,1.5425943417634471,40.04591969899131,143.80865699957656,2024-01-18 09:09:44.869,49.95408030100869,502.98630839523116
27,2024-01-18 09:09:45.619,248349.2278859429,0.046,29889503.49792985,2024-01-18T09:09:45.619,-16.949960919789433,-21.961673983011785,4.700169464985112,1.5331867048308823,40.34315783060974,143.53992679906725,2024-01-18 09:09:45.619,49.65684216939026,498.13700412638076
28,2024-01-18 09:09:46.465,250032.73406608775,0.046,29698484.862369865,2024-01-18T09:09:46.465,-16.95729605911033,-21.954712964036705,4.695524599562838,1.5226774336995277,40.68112582054378,143.2305243012862,2024-01-18 09:09:46.465,49.31887417945622,492.68007010404875
29,2024-01-18 09:09:47.218,267136.93449162133,0.046,29491487.309527203,2024-01-18T09:09:47.218,-17.02913872937849,-21.947118919119863,4.626052951996539,1.5134152836837984,40.984325949795085,142.94937889499613,2024-01-18 09:09:47.218,49.015674050204915,487.8350417873803
30,2024-01-18 09:09:47.970,279505.02973451465,0.046,29267629.299142282,2024-01-18T09:09:47.970,-17.078277953209927,-21.938846094865912,4.579259399918067,1.5042521644751332,41.2893551450883,142.6630417962598,2024-01-18 09:09:47.970,48.7106448549117,483.00811214270453
31,2024-01-18 09:09:48.808,236225.67505714484,0.046,29071004.52594229,2024-01-18T09:09:48.808,-16.89562163133752,-21.931527327545375,4.764503384935728,1.494143731425254,41.63188137903006,142.33721830553614,2024-01-18 09:09:48.808,48.36811862096994,477.6433343430344
32,2024-01-18 09:09:49.556,290313.3452189155,0.046,28847799.267266117,2024-01-18T09:09:49.556,-17.119471384697526,-21.923158949254088,4.542939883661896,1.4852127288754673,41.93993281952435,142.04021312906627,2024-01-18 09:09:49.556,48.06006718047565,472.86774222680094
33,2024-01-18 09:09:50.519,305347.3830110617,0.046,28666853.73136346,2024-01-18T09:09:50.519,-17.174289390028555,-21.916327306973344,4.491032453340572,1.4738428746978798,42.339713203995366,141.64899081997117,2024-01-18 09:09:50.519,47.660286796004634,466.73819916882695
34,2024-01-18 09:09:51.373,277664.1199059617,0.046,28428092.976646814,2024-01-18T09:09:51.373,-17.0711032927855,-21.90724654863147,4.5967685929345805,1.4638814033115182,42.69721328025505,141.29345009005166,2024-01-18 09:09:51.373,47.30278671974495,461.32069661239836
35,2024-01-18 09:09:52.103,259099.39758626372,0.046,28210083.030774705,2024-01-18T09:09:52.103,-16.99596989259262,-21.89888814174325,4.674058464405666,1.455457375794765,43.004993106334204,140.9829197727725,2024-01-18 09:09:52.103,46.995006893665796,456.7038941775275
36,2024-01-18 09:09:52.858,325118.01309210807,0.046,28002292.941179104,2024-01-18T09:09:52.858,-17.242406464876574,-21.8908612171756,4.429829487813093,1.446833636152121,43.32541018663227,140.65515281979157,2024-01-18 09:09:52.858,46.67458981336773,451.9430874386361
37,2024-01-18 09:09:53.712,316916.58414853923,0.046,27841797.238207452,2024-01-18T09:09:53.712,-17.214666300201834,-21.88462039653931,4.460038703980655,1.4371885470076222,43.69037760726499,140.27607569762887,2024-01-18 09:09:53.712,46.30962239273501,446.57587727042755
38,2024-01-18 09:09:54.562,318590.8433328029,0.046,27629482.465809114,2024-01-18T09:09:54.562,-17.220387108297956,-21.876309106008502,4.456745663912285,1.4277047273635617,44.056265509488924,139.88971658455438,2024-01-18 09:09:54.562,45.943734490511076,441.2532964712208
39,2024-01-18 09:09:55.426,318538.9111549668,0.046,27416655.978158418,2024-01-18T09:09:55.426,-17.220210112496407,-21.867913437178075,4.459359823021746,1.4181842060488634,44.430818127929804,139.48742825422266,2024-01-18 09:09:55.426,45.569181872070196,435.86371619639465
40,2024-01-18 09:09:56.275,344209.1000165902,0.046,27231429.10661216,2024-01-18T09:09:56.275,-17.304359753966757,-21.860553315030806,4.377574781671442,1.4089471451713393,44.801404019141465,139.0824199133437,2024-01-18 09:09:56.275,45.198595980858535,430.5887583873082
41,2024-01-18 09:09:57.015,345412.479021281,0.048,27039240.050756253,2024-01-18T09:09:57.015,-17.261940429395427,-21.806654919995225,4.422030498971472,1.4009921918386112,45.12641512853732,138.72131447027547,2024-01-18 09:09:57.015,44.87358487146268,426.0086672266507
42,2024-01-18 09:09:57.768,344122.6449749805,0.048999999999999995,28037249.42528928,2024-01-18T09:09:57.768,-17.23549139435116,-21.823620122905346,4.450528001357635,1.3929900703034264,45.45900439860951,138.3458912043921,2024-01-18 09:09:57.768,44.54099560139049,421.3655576836765
43,2024-01-18 09:09:58.502,396994.7184560634,0.049999999999999996,28139259.45345605,2024-01-18T09:09:58.502,-17.368735275428918,-21.805628458650197,4.319257743004609,1.3852803213682705,45.78496860796512,137.97197508430477,2024-01-18 09:09:58.502,44.21503139203488,416.8570996228411
44,2024-01-18 09:09:59.256,400233.7611292377,0.051888,28256173.48993598,2024-01-18T09:09:59.256,-17.337315435666866,-21.769887852653373,4.352681022177795,1.3774540966936684,46.12157835277341,137.57944307713342,2024-01-18 09:09:59.256,43.87842164722659,412.2443819195417
45,2024-01-18 09:09:59.999,356840.55182369985,0.052196,29709682.456202388,2024-01-18T09:09:59.999,-17.20629091330029,-21.817923778741395,4.485655844069779,1.3698354573758138,46.45496973386537,137.18403932551317,2024-01-18 09:09:59.999,43.54503026613463,407.71800427362024
46,2024-01-18 09:10:00.746,407759.6012673974,0.052196,29539567.037684366,2024-01-18T09:10:00.746,-17.351115897308535,-21.811689067652544,4.3427675680308155,1.3622699120379025,46.79178874864302,136.77764971130676,2024-01-18 09:10:00.746,43.20821125135698,403.1869662402176
47,2024-01-18 09:10:01.494,409570.5512514971,0.052196,29488619.076196685,2024-01-18T09:10:01.494,-17.35592721419011,-21.80981484234685,4.339871180718147,1.3547894417231987,47.13063371104876,136.36155580079455,2024-01-18 09:10:01.494,42.86936628895124,398.67033988100513
48,2024-01-18 09:10:02.229,450711.56179934926,0.052196,29344544.83011919,2024-01-18T09:10:02.229,-17.459852154748912,-21.804497197418474,4.237803968361871,1.3475324225108807,47.46505679190276,135.9435028135499,2024-01-18 09:10:02.229,42.53494320809724,394.25285541895613
49,2024-01-18 09:10:02.977,416873.46611197107,0.052196,29165983.993947163,2024-01-18T09:10:02.977,-17.375116040743567,-21.79787033656655,4.324406153203146,1.3402428136814137,47.80681367968874,135.5084276883779,2024-01-18 09:10:02.977,42.19318632031126,389.7789736542056
50,2024-01-18 09:10:03.834,388739.2826393731,0.052196,28989223.92273029,2024-01-18T09:10:03.834,-17.299251479815837,-21.791270226043636,4.402378086745069,1.3320105849151673,48.20002791545461,134.99764543942487,2024-01-18 09:10:03.834,41.79997208454539,384.6810842509429
51,2024-01-18 09:10:04.685,444954.6705335155,0.052196,28785678.365193367,2024-01-18T09:10:04.685,-17.445894831975735,-21.783619925074373,4.257794733121494,1.323963417985624,48.59211599122216,134.47701200806077,2024-01-18 09:10:04.685,41.40788400877784,379.64954556002493
52,2024-01-18 09:10:05.547,395600.8454708252,0.052196,28617998.47546909,2024-01-18T09:10:05.547,-17.31824843528723,-21.77727689428222,4.38749433890887,1.3159427732771292,48.99078450851068,133.9355449168392,2024-01-18 09:10:05.547,41.00921549148932,374.58538405165467
53,2024-01-18 09:10:06.279,395204.6383937448,0.052196,28429656.554607037,2024-01-18T09:10:06.279,-17.317160490367932,-21.77010778679776,4.390299225195233,1.3092357229829759,49.33041105622002,133.46423323212497,2024-01-18 09:10:06.279,40.66958894377998,370.31157033024573
54,2024-01-18 09:10:07.139,432590.9154591784,0.052196,28265919.294504434,2024-01-18T09:10:07.139,-17.415298894763023,-21.763836540304467,4.2941465026716035,1.3014788662634942,49.730553232364485,132.89657070131892,2024-01-18 09:10:07.139,40.269446767635515,365.32287698387063
55,2024-01-18 09:10:07.984,436327.31995035335,0.052196,28072214.04960099,2024-01-18T09:10:07.984,-17.424636423820417,-21.756370420512667,4.286726614045016,1.293987806252801,50.12474376545178,132.32367462624632,2024-01-18 09:10:07.984,39.87525623454822,360.45669034313966
56,2024-01-18 09:10:08.832,442783.0641634222,0.051888,27911882.224543303,2024-01-18T09:10:08.832,-17.4470086387861,-21.756577291379514,4.266245270726622,1.2866013156705094,50.52118110349244,131.73315797583712,2024-01-18 09:10:08.832,39.47881889650756,355.610064130613
57,2024-01-18 09:10:09.586,452629.6568246223,0.041093,27728339.046156444,2024-01-18T09:10:09.586,-17.724136358415393,-22.002661828801845,3.9907703366453435,1.2801448833143354,50.874234925605236,131.1945666225758,2024-01-18 09:10:09.586,39.125765074394764,351.3329125355536
58,2024-01-18 09:10:10.335,362947.8544975016,0.040784999999999995,22748998.433522187,2024-01-18T09:10:10.335,-17.49255788081815,-21.795926345299947,4.223963879912336,1.273835799682729,51.225326397003904,130.6465493384145,2024-01-18 09:10:10.335,38.774673602996096,347.11532009447706
59,2024-01-18 09:10:11.190,388430.58318405505,0.040784999999999995,21498261.179839686,2024-01-18T09:10:11.190,-17.56623083927068,-21.734528980232923,4.152101692371902,1.2667622141709671,51.62637982590396,130.00465918696898,2024-01-18 09:10:11.190,38.37362017409604,342.3403272407979
60,2024-01-18 09:10:11.931,353360.35559652094,0.040784999999999995,21389891.18474247,2024-01-18T09:10:11.931,-17.46349185532322,-21.729042081352343,4.256381445276719,1.2607433628072044,51.974027140788266,129.43386080745472,2024-01-18 09:10:11.931,38.025972859211734,338.2373689326195
61,2024-01-18 09:10:12.669,354921.8202823987,0.040784999999999995,21281404.969690412,2024-01-18T09:10:12.669,-17.468279047620864,-21.72352138356278,4.253102208759991,1.2548526926550494,52.320165310309925,128.85159941502474,2024-01-18 09:10:12.669,37.679834689690075,334.18493121857125
62,2024-01-18 09:10:13.432,344187.25198244676,0.040784999999999995,21156399.74820238,2024-01-18T09:10:13.432,-17.434934249283874,-21.71712505424294,4.287977947176946,1.2488722367637592,52.677747901083315,128.23475291393362,2024-01-18 09:10:13.432,37.322252098916685,330.0321259602543
63,2024-01-18 09:10:14.169,331468.4013560731,0.040784999999999995,21091349.098334968,2024-01-18T09:10:14.169,-17.394052631424568,-21.71378154347858,4.330311006534478,1.2432023336940574,53.02269740359032,127.62418068717292,2024-01-18 09:10:14.169,36.97730259640968,326.05779475844565
64,2024-01-18 09:10:15.020,381519.5559434574,0.040784999999999995,20964591.082824975,2024-01-18T09:10:15.020,-17.546739306949796,-21.707236632921784,4.179266605904642,1.2367869600933545,53.42021752144108,126.90061648393261,2024-01-18 09:10:15.020,36.57978247855892,321.5156794289202
65,2024-01-18 09:10:15.765,348842.7677244488,0.040784999999999995,20865843.324880756,2024-01-18T09:10:15.765,-17.449521605918587,-21.70211049848801,4.277892154977241,1.2312873502631874,53.767311562073886,126.25039639921329,2024-01-18 09:10:15.765,36.232688437926114,317.58227771986435
66,2024-01-18 09:10:16.512,388986.10647886805,0.040784999999999995,20746115.91402421,2024-01-18T09:10:16.512,-17.56778252156525,-21.69586264350778,4.161014649600672,1.2258832040081415,54.114266675457,125.58225847580253,2024-01-18 09:10:16.512,35.885733324543,313.68016817412723
67,2024-01-18 09:10:17.250,352261.0851177126,0.040784999999999995,20666846.27853527,2024-01-18T09:10:17.250,-17.460108968539043,-21.691706166224165,4.270026990252992,1.220653371403614,54.455776203623664,124.90585112588704,2024-01-18 09:10:17.250,35.544223796376336,309.8677759754504
68,2024-01-18 09:10:18.000,365865.2750974409,0.040784999999999995,20572027.795055788,2024-01-18T09:10:18.000,-17.50125027660558,-21.686713399369097,4.23021755851535,1.2154505370524475,54.80132329604042,124.201399075056,2024-01-18 09:10:18.000,35.19867670395958,306.0385237964759
69,2024-01-18 09:10:18.754,367806.42367173266,0.040784999999999995,20478959.635636494,2024-01-18T09:10:18.754,-17.506995571694205,-21.681790368297666,4.225781882467772,1.2103346484478834,55.146931801198704,123.47543081354486,2024-01-18 09:10:18.754,34.853068198801296,302.2364480506695
70,2024-01-18 09:10:19.595,381025.7250232706,0.040784999999999995,20388447.251979247,2024-01-18T09:10:19.595,-17.545333042436944,-21.676981023145405,4.188870141973099,1.204765183664108,55.52999855025392,122.64414883694403,2024-01-18 09:10:19.595,34.47000144974608,298.0542123933692
71,2024-01-18 09:10:20.451,355277.77712512575,0.040784999999999995,20295482.151629884,2024-01-18T09:10:20.451,-17.469367404373678,-21.672019076136536,4.266248734778825,1.1992456250450232,55.916907721859225,121.7740953391722,2024-01-18 09:10:20.451,34.083092278140775,293.8634121018419
72,2024-01-18 09:10:21.206,332435.9850822557,0.040784999999999995,20205317.900083657,2024-01-18T09:10:21.206,-17.397217368540076,-21.667184862793594,4.339612767100167,1.194503275855709,56.25533851848418,120.98614503845828,2024-01-18 09:10:21.206,33.74466148151582,290.224666412019
73,2024-01-18 09:10:21.937,383776.0156427538,0.040784999999999995,20103438.893242367,2024-01-18T09:10:21.937,-17.553141871346075,-21.661696528715865,4.184834659219909,1.1900250050356362,56.58019943291787,120.20446019944765,2024-01-18 09:10:21.937,33.41980056708213,286.75504206132814
74,2024-01-18 09:10:22.684,366624.54438708257,0.040784999999999995,20043056.150855366,2024-01-18T09:10:22.684,-17.503501137792302,-21.658430501187603,4.235617185992337,1.1855647102987632,56.90902356411723,119.38617375945577,2024-01-18 09:10:22.684,33.09097643588277,283.2658403230857
75,2024-01-18 09:10:23.535,371743.64778814465,0.040784999999999995,19979813.899530895,2024-01-18T09:10:23.535,-17.518556187592402,-21.65499924006135,4.221826054909667,1.1806273451865081,57.27936541187091,118.42945177786417,2024-01-18 09:10:23.535,32.72063458812909,279.36299213882256
76,2024-01-18 09:10:24.283,348553.47349071316,0.040784999999999995,19901477.896595307,2024-01-18T09:10:24.283,-17.448620834670198,-21.650733964786873,4.292839716353073,1.1764150467218997,57.60078039681054,117.56654042900949,2024-01-18 09:10:24.283,32.39921960318946,275.99844095294986
77,2024-01-18 09:10:25.031,372893.64165226277,0.040784999999999995,19807912.840440333,2024-01-18T09:10:25.031,-17.52190974236031,-21.64561743415859,4.220598370883911,1.1723228554351408,57.91801397493357,116.68267914696735,2024-01-18 09:10:25.031,32.08198602506643,272.6979561750999
78,2024-01-18 09:10:25.782,364759.9763043737,0.040784999999999995,19753915.401700623,2024-01-18T09:10:25.782,-17.497965244149075,-21.642653617104894,4.245563496176134,1.1683358834307,58.2319723288215,115.773852681978,2024-01-18 09:10:25.782,31.7680276711785,269.45106212823157
79,2024-01-18 09:10:26.527,379897.4286123235,0.040784999999999995,19679228.63287238,2024-01-18T09:10:26.527,-17.542113182047533,-21.638540821745412,4.202397005008661,1.1645019653295776,58.53857308666363,114.85076576880755,2024-01-18 09:10:26.527,31.461426913336368,266.2986845460917
80,2024-01-18 09:10:27.373,366617.5114312498,0.040784999999999995,19613455.128437374,2024-01-18T09:10:27.373,-17.503480309923212,-21.634905908833183,4.242106660648951,1.1602956241370066,58.880433525672814,113.77618647976003,2024-01-18 09:10:27.373,31.119566474327186,262.8048815200151
81,2024-01-18 09:10:28.123,385092.72983535845,0.040784999999999995,19533522.49434443,2024-01-18T09:10:28.123,-17.556860596229114,-21.630472060773613,4.189647208903058,1.1566984810865506,59.17748250987772,112.799834048057,2024-01-18 09:10:28.123,30.82251749012228,259.78681813853933
82,2024-01-18 09:10:28.879,336045.7991066491,0.040784999999999995,19485204.979503747,2024-01-18T09:10:28.879,-17.40894347377737,-21.62778309035364,4.3384602168635675,1.1531987988723813,59.47078138869962,111.7928944663185,2024-01-18 09:10:28.879,30.52921861130038,256.8228033534039
83,2024-01-18 09:10:29.622,355891.345385056,0.040784999999999995,19411006.941928588,2024-01-18T09:10:29.622,-17.471240864337283,-21.623640805567845,4.277011507068736,1.1498835170087887,59.7526598201969,110.7808260295564,2024-01-18 09:10:29.622,30.247340179803103,253.98890832730814
84,2024-01-18 09:10:30.568,371570.71248917654,0.040784999999999995,19352004.674423143,2024-01-18T09:10:30.568,-17.51805098514081,-21.620335543938474,4.231236036769131,1.1458417639822756,60.101793738157845,109.45987311688609,2024-01-18 09:10:30.568,29.898206261842155,250.49852266943486
85,2024-01-18 09:10:31.419,351467.41082154214,0.040784999999999995,19305062.29543817,2024-01-18T09:10:31.419,-17.45765995222531,-21.617698661761505,4.2925136072148735,1.1423785986598887,60.40591031055772,108.24051487155712,2024-01-18 09:10:31.419,29.594089689442278,247.47564641767548
86,2024-01-18 09:10:32.279,368180.7796041295,0.040784999999999995,19236224.19237347,2024-01-18T09:10:32.279,-17.508100079551166,-21.613820218302475,4.242926584099425,1.1390460370738538,60.70303423481005,106.97840561289433,2024-01-18 09:10:32.279,29.296965765189952,244.53773065419236
87,2024-01-18 09:10:33.015,371691.82053292636,0.040784999999999995,19190591.61757578,2024-01-18T09:10:33.015,-17.51840480733178,-21.61124155229441,4.2333175889711,1.136328230875165,60.948700773894416,105.87455073592857,2024-01-18 09:10:33.015,29.051299226105584,242.11999780978866
88,2024-01-18 09:10:33.774,373553.5268341331,0.040784999999999995,19129979.274393544,2024-01-18T09:10:33.774,-17.52382939977166,-21.60780689206897,4.228577101674189,1.1336558463148094,61.19328547984933,104.71346760721532,2024-01-18 09:10:33.774,28.80671452015067,239.72302186933265
89,2024-01-18 09:10:34.617,362606.90813589655,0.040784999999999995,19085189.413816188,2024-01-18T09:10:34.617,-17.491537481380405,-21.60526182961489,4.261588925711711,1.1308436108656679,61.45399943832864,103.3971526463871,2024-01-18 09:10:34.617,28.546000561671363,237.1789630127026
90,2024-01-18 09:10:35.373,362208.43395619094,0.040784999999999995,19049747.827763937,2024-01-18T09:10:35.373,-17.49034369349533,-21.603243720920172,4.263392428046885,1.1284618256979684,61.677552165299986,102.19314607797388,2024-01-18 09:10:35.373,28.322447834700014,235.00646577507734
91,2024-01-18 09:10:36.223,401272.68395433296,0.040784999999999995,19001264.477624588,2024-01-18T09:10:36.223,-17.60154628905036,-21.600476900598082,4.152834632519074,1.1259429824251583,61.91678330496024,100.81343587627555,2024-01-18 09:10:36.223,28.08321669503976,232.69066993649432
92,2024-01-18 09:10:37.074,403603.5455397926,0.040784999999999995,18958866.645126987,2024-01-18T09:10:37.074,-17.607834728920718,-21.59805157278566,4.14714837291553,1.1235906287495254,62.14288343422116,99.40529677376726,2024-01-18 09:10:37.074,27.85711656577884,230.51054240734652
93,2024-01-18 09:10:37.817,398631.5418767715,0.040784999999999995,18912711.280956615,2024-01-18T09:10:37.817,-17.594376445702082,-21.595405125107547,4.161096774142573,1.1216760344625527,62.32886759506645,98.15467158671478,2024-01-18 09:10:37.817,27.67113240493355,228.72343374496708
94,2024-01-18 09:10:38.676,381590.50545320567,0.040784999999999995,18909808.410794742,2024-01-18T09:10:38.676,-17.54694119775313,-21.595238465071972,4.209057084686518,1.1196249328351087,62.53011005797202,96.68517760111435,2024-01-18 09:10:38.676,27.469889942027983,226.79601576066736
95,2024-01-18 09:10:39.419,373364.941337049,0.040784999999999995,18868204.07784845,2024-01-18T09:10:39.419,-17.52328113616605,-21.592847055580545,4.2331352168519665,1.1179917842317764,62.69185491035886,95.39464903114646,2024-01-18 09:10:39.419,27.308145089641137,225.25165611270492
96,2024-01-18 09:10:40.149,404036.08895024285,0.040784999999999995,18839400.380401105,2024-01-18T09:10:40.149,-17.608997693356095,-21.59118833322566,4.147796708148196,1.116514977708448,62.83929116874956,94.11006251776668,2024-01-18 09:10:40.149,27.16070883125044,223.84764832715047
97,2024-01-18 09:10:40.901,392374.1200557463,0.040784999999999995,18820930.19360556,2024-01-18T09:10:40.901,-17.577198183973998,-21.59012335308264,4.179951662677032,1.115126468746098,62.97894836415513,92.77056486762018,2024-01-18 09:10:40.901,27.02105163584487,222.52105060759874
98,2024-01-18 09:10:41.652,399463.87385791074,0.040784999999999995,18802655.432718508,2024-01-18T09:10:41.652,-17.596641070397613,-21.5890686119803,4.160829224545488,1.113874671303961,63.10572978996139,91.41760309147847,2024-01-18 09:10:41.652,26.894270210038613,221.31963635334478
99,2024-01-18 09:10:42.507,403980.8960421467,0.040784999999999995,18757216.728287376,2024-01-18T09:10:42.507,-17.60884936741797,-21.5864416344254,4.148943645994083,1.1126140056553595,63.234260802154246,89.86034786100183,2024-01-18 09:10:42.507,26.765739197845754,220.10455807821282
100,2024-01-18 09:10:43.249,411898.80141022895,0.040784999999999995,18741661.83584364,2024-01-18T09:10:43.249,-17.629923617587274,-21.585540886909605,4.128113042998685,1.1116622236779676,63.33187359799184,88.49578025354302,2024-01-18 09:10:43.249,26.668126402008163,219.18386632433203
101,2024-01-18 09:10:44.101,395671.0023007095,0.040784999999999995,18739692.723222367,2024-01-18T09:10:44.101,-17.586282854886186,-21.585426806888147,4.171991744994197,1.1107327389295278,63.42768237308183,86.91576878801217,2024-01-18 09:10:44.101,26.57231762691817,218.28216921504963
102,2024-01-18 09:10:44.945,426142.6373928236,0.040784999999999995,18697676.59930271,2024-01-18T09:10:44.945,-17.66683477057515,-21.5829897528482,4.091631368053159,1.1099845130202084,63.50515777340311,85.3388317317799,2024-01-18 09:10:44.945,26.494842226596887,217.5547599538189
103,2024-01-18 09:10:45.703,397085.79808695335,0.040784999999999995,18708849.677625597,2024-01-18T09:10:45.703,-17.590158183707153,-21.583638357101087,4.168442451776088,1.1094591152473186,63.55974876121462,83.9144725364657,2024-01-18 09:10:45.703,26.44025123878538,217.04352652473304
104,2024-01-18 09:10:46.670,409719.26709291805,0.040784999999999995,18698134.315223515,2024-01-18T09:10:46.670,-17.624163265035794,-21.58301633115922,4.134557338509394,1.1089904726712803,63.6085747801449,82.08904166557751,2024-01-18 09:10:46.670,26.3914252198551,216.5880244008602
105,2024-01-18 09:10:47.405,388121.1019786624,0.040784999999999995,18678782.69377861,2024-01-18T09:10:47.405,-17.565365436558675,-21.58189206733105,4.1934076096937085,1.108785610768905,63.629957862129245,80.69737044294739,2024-01-18 09:10:47.405,26.370042137870755,216.39011173786773
106,2024-01-18 09:10:48.256,399099.8573821699,0.040784999999999995,18683719.589784447,2024-01-18T09:10:48.256,-17.595651228563444,-21.582178994942222,4.16314070975853,1.1087118108923733,63.63766682826841,79.08388704103098,2024-01-18 09:10:48.256,26.362333171731592,216.32150185104183
107,2024-01-18 09:10:49.114,409061.76056034956,0.040784999999999995,18682138.390520103,2024-01-18T09:10:49.114,-17.622419505039858,-21.58208710542693,4.1363460246928945,1.1088149732597685,63.62689159033217,77.45723474698563,2024-01-18 09:10:49.114,26.37310840966783,216.42689020321262
108,2024-01-18 09:10:50.065,433693.64861125033,0.040784999999999995,18696835.064430565,2024-01-18T09:10:50.065,-17.68590495210842,-21.58294088552314,4.072777975141743,1.1091376511425324,63.59322736999394,75.65753302504807,2024-01-18 09:10:50.065,26.40677263000606,216.7481921898055
109,2024-01-18 09:10:50.912,429638.58460189216,0.040784999999999995,18689548.35740438,2024-01-18T09:10:50.912,-17.67570549003369,-21.58251765968486,4.082856673791103,1.1096094007218653,63.54411753443066,74.06028591219254,2024-01-18 09:10:50.912,26.45588246556934,217.21463872208966
110,2024-01-18 09:10:51.657,394477.1446917867,0.040784999999999995,18700559.330270804,2024-01-18T09:10:51.657,-17.58300191213982,-21.583157134293284,4.175417300068003,1.1101678261305779,63.48614745664252,72.6617919479619,2024-01-18 09:10:51.657,26.51385254335748,217.76443978561645
111,2024-01-18 09:10:52.408,385107.62063993514,0.040784999999999995,18716931.61357245,2024-01-18T09:10:52.408,-17.556902578774668,-21.584107277203522,4.201337766969012,1.1108665491003649,63.41385997939004,71.25980776359381,2024-01-18 09:10:52.408,26.58614002060996,218.44980436610348
112,2024-01-18 09:10:53.153,386548.4601287339,0.040784999999999995,18718070.776701704,2024-01-18T09:10:53.153,-17.56095716592887,-21.584173356037446,4.197071294315288,1.1116942574479936,63.32858017865705,69.87829823686114,2024-01-18 09:10:53.153,26.67141982134295,219.2585726354004
113,2024-01-18 09:10:53.896,395660.7444743635,0.040784999999999995,18721509.16072036,2024-01-18T09:10:53.896,-17.5862547066576,-21.58437278017798,4.171528310731873,1.1126530540628892,63.23026667611877,68.5111826731075,2024-01-18 09:10:53.896,26.769733323881233,220.19160976583944
114,2024-01-18 09:10:54.641,393426.12807548605,0.040784999999999995,18737011.49089668,2024-01-18T09:10:54.641,-17.58010529396751,-21.5852714511238,4.177397455712793,1.113747890297418,63.11861687617006,67.15251510469727,2024-01-18 09:10:54.641,26.88138312382994,221.25233674508146
115,2024-01-18 09:10:55.387,373212.32345125824,0.040784999999999995,18765577.13380304,2024-01-18T09:10:55.387,-17.52283723632013,-21.586925457412484,4.234350652598384,1.1149778606420568,62.9939556644331,65.80553249516932,2024-01-18 09:10:55.387,27.006044335566898,222.4382950509685
116,2024-01-18 09:10:56.139,345310.4601899646,0.040784999999999995,18780174.393029425,2024-01-18T09:10:56.139,-17.43847163272576,-21.587769695334828,4.3183642803562385,1.1163528171100552,62.85554927358867,64.46267265548353,2024-01-18 09:10:56.139,27.14445072641133,223.7571871712088
117,2024-01-18 09:10:56.892,378343.59862718266,0.040784999999999995,18798056.6098381,2024-01-18T09:10:56.892,-17.537663272924007,-21.588803026130762,4.218785485850754,1.1178651945622278,62.704448890406866,63.13426715068396,2024-01-18 09:10:56.892,27.295551109593134,225.19979796702788
118,2024-01-18 09:10:57.634,381132.679464899,0.040784999999999995,18808745.79925361,2024-01-18T09:10:57.634,-17.545637767306772,-21.58942023575865,4.210395602671496,1.119487867067619,62.54363299092521,61.8422351208771,2024-01-18 09:10:57.634,27.45636700907479,226.73845797452162
119,2024-01-18 09:10:58.372,342231.3853043765,0.040784999999999995,18823542.472680155,2024-01-18T09:10:58.372,-17.428746885200923,-21.59027403900128,4.326840057539767,1.1212317879682132,62.37227764637124,60.57482833499558,2024-01-18 09:10:58.372,27.627722353628762,228.38181349583508
120,2024-01-18 09:10:59.121,373134.28978283517,0.040784999999999995,18857270.00399232,2024-01-18T09:10:59.121,-17.52261019977222,-21.592217691975584,4.232489828645846,1.1231338673946993,62.18709192753149,59.307410873074005,2024-01-18 09:10:59.121,27.81290807246851,230.16239963273443
121,2024-01-18 09:10:59.969,369249.1295303572,0.040784999999999995,18877382.16596924,2024-01-18T09:10:59.969,-17.511245997533106,-21.59337506342206,4.243261756875003,1.125447523323146,61.96418745766305,57.89640981923938,2024-01-18 09:10:59.969,28.03581254233695,232.31213864947637
122,2024-01-18 09:11:00.720,334361.4914594712,0.040784999999999995,18915160.407560572,2024-01-18T09:11:00.720,-17.403487931554487,-21.595545714853092,4.3504590711104685,1.127638040842271,61.7554704328237,56.668797175407946,2024-01-18 09:11:00.720,28.2445295671763,234.33161205601363
123,2024-01-18 09:11:01.468,318974.0948569868,0.040784999999999995,18957867.2266343,2024-01-18T09:11:01.468,-17.352335831398108,-21.597994336587778,4.401018963978009,1.1299514361317051,61.53743966466526,55.467225425203125,2024-01-18 09:11:01.468,28.462560335334743,236.44811753519932
124,2024-01-18 09:11:02.211,337569.0543506965,0.040784999999999995,18979098.05994516,2024-01-18T09:11:02.211,-17.41385386486536,-21.599209567517036,4.3388795188702645,1.1323789151394976,61.31123695951955,54.29504544579705,2024-01-18 09:11:02.211,28.688763040480453,238.65155921952157
125,2024-01-18 09:11:02.958,345178.44205548987,0.040784999999999995,19010586.72520212,2024-01-18T09:11:02.958,-17.438056457711177,-21.601009445138125,4.314018985237682,1.134949091402973,61.074544161139336,53.138403803728586,2024-01-18 09:11:02.958,28.925455838860664,240.96563036484818
126,2024-01-18 09:11:03.695,355809.8005688051,0.040784999999999995,19030646.960238345,2024-01-18T09:11:03.695,-17.47099206282781,-21.602154525008757,4.280401777726448,1.1376116992408924,60.83230483733138,52.019012448981215,2024-01-18 09:11:03.695,29.167695162668622,243.34302874330288
127,2024-01-18 09:11:04.446,293147.1327829249,0.040784999999999995,19065322.576396156,2024-01-18T09:11:04.446,-17.26066142406175,-21.60413103762886,4.490004838661595,1.140453905269851,60.57696677152935,50.90082079759722,2024-01-18 09:11:04.446,29.42303322847065,245.85912241478934
128,2024-01-18 09:11:05.204,291034.48705477174,0.040784999999999995,19109996.06851181,2024-01-18T09:11:05.204,-17.252808434933794,-21.606672137566996,4.497089819728096,1.1434540477285964,60.310969822794505,49.795351513399964,2024-01-18 09:11:05.204,29.689030177205495,248.4915113192389
129,2024-01-18 09:11:05.940,293884.99338080734,0.040784999999999995,19142876.415449195,2024-01-18T09:11:05.940,-17.263390822850585,-21.60853863226759,4.485729523644471,1.1464928639044274,60.04513454817046,48.74429298727787,2024-01-18 09:11:05.940,29.95486545182954,251.13398438295138
130,2024-01-18 09:11:06.682,290448.7069935417,0.040784999999999995,19179425.621971603,2024-01-18T09:11:06.682,-17.250620915699674,-21.61060963566241,4.497683236029214,1.149681242640895,59.769987749732614,47.70694406629273,2024-01-18 09:11:06.682,30.230012250267386,253.88153354024556
131,2024-01-18 09:11:07.432,295580.3130532671,0.040784999999999995,19201049.499261364,2024-01-18T09:11:07.432,-17.269636059006213,-21.611833061316773,4.477810670698909,1.1530306713092386,59.48498074834793,46.68109343245005,2024-01-18 09:11:07.432,30.51501925165207,256.74120522346686
132,2024-01-18 09:11:08.171,262272.4877619585,0.040784999999999995,19260587.833424628,2024-01-18T09:11:08.171,-17.13982913641512,-21.61519448745925,4.606741029043285,1.1564548770518286,59.19775947406432,45.692491728995215,2024-01-18 09:11:08.171,30.80224052593568,259.6374070203855
133,2024-01-18 09:11:08.924,256940.16589216888,0.040784999999999995,19291081.981845815,2024-01-18T09:11:08.924,-17.117527297555327,-21.616912109966286,4.62811749221028,1.1600697595583824,58.898956102926775,44.70767592142891,2024-01-18 09:11:08.924,31.101043897073225,262.6659194212965
134,2024-01-18 09:11:09.673,248984.23017144762,0.040784999999999995,19334529.173067085,2024-01-18T09:11:09.673,-17.08337690010618,-21.619354645216248,4.661315363170221,1.1637907037863897,58.59597142874157,43.75043617243206,2024-01-18 09:11:09.673,31.40402857125843,265.75326609026723
135,2024-01-18 09:11:10.411,238354.1076022135,0.040784999999999995,19385955.035738114,2024-01-18T09:11:10.411,-17.03600389860965,-21.622238646020136,4.707718728764529,1.167578484131127,58.292172364199516,42.828816666735754,2024-01-18 09:11:10.411,31.707827635800484,268.86584992153024
136,2024-01-18 09:11:11.152,246964.08925096318,0.040784999999999995,19439124.519600008,2024-01-18T09:11:11.152,-17.074531816129845,-21.625212397541915,4.6681863604749925,1.1715022650809033,57.98223321299356,41.924716332763296,2024-01-18 09:11:11.152,32.01776678700644,272.0591402470242
137,2024-01-18 09:11:11.907,219076.34248613846,0.040784999999999995,19486066.69144617,2024-01-18T09:11:11.907,-16.944436001346915,-21.62783110479166,4.797227121759089,1.1756237202542934,57.66173724130624,41.02514317221446,2024-01-18 09:11:11.907,32.33826275869376,275.38045064516103
138,2024-01-18 09:11:12.753,211609.3709722478,0.040784999999999995,19532301.901681576,2024-01-18T09:11:12.753,-16.906784537626937,-21.6304042141754,4.833658688481328,1.180389119163351,57.29740710231183,40.04263544171461,2024-01-18 09:11:12.753,32.70259289768817,279.18025490700546
139,2024-01-18 09:11:13.506,239086.35009877943,0.040784999999999995,19584321.23929717,2024-01-18T09:11:13.506,-17.039334252372964,-21.63329195380916,4.6999899075027205,1.1847606333270733,56.96887508137861,39.19039052628374,2024-01-18 09:11:13.506,33.03112491862139,282.6292506817956
140,2024-01-18 09:11:14.244,217007.3438176401,0.040784999999999995,19627507.520057306,2024-01-18T09:11:14.244,-16.934133375092557,-21.635683524363877,4.804063809185994,1.189163044588895,56.6433301220324,38.37507607025724,2024-01-18 09:11:14.244,33.3566698779676,286.0683980365455
141,2024-01-18 09:11:14.990,204703.13232142292,0.040784999999999995,19680174.67159179,2024-01-18T09:11:14.990,-16.87075851756507,-21.63859301504118,4.866269288077458,1.1937310988481613,56.31098294676741,37.57061037486133,2024-01-18 09:11:14.990,33.68901705323259,289.60191355099397
142,2024-01-18 09:11:15.746,202852.62685383577,0.040784999999999995,19725738.311810017,2024-01-18T09:11:15.746,-16.860898887096226,-21.64110381162507,4.874913108586509,1.198480532174699,55.97112653913326,36.77514220870307,2024-01-18 09:11:15.746,34.02887346086674,293.2392343469701
143,2024-01-18 09:11:16.485,187988.39462829567,0.040784999999999995,19771845.0684689,2024-01-18T09:11:16.485,-16.77827489492366,-21.64363864000911,4.956318908261763,1.2032392726326862,55.636225379059965,36.01639768273037,2024-01-18 09:11:16.485,34.363774620940035,296.8476853634452
144,2024-01-18 09:11:17.229,199953.6854717955,0.040784999999999995,19848372.109094255,2024-01-18T09:11:17.229,-16.845270830333064,-21.647832876583074,4.888067057912276,1.2081453718332114,55.2966481733863,35.27091446783657,2024-01-18 09:11:17.229,34.7033518266137,300.53148383391783
145,2024-01-18 09:11:17.975,182563.55540642515,0.040784999999999995,19894672.12846577,2024-01-18T09:11:17.975,-16.746482509581707,-21.650362608817673,4.9855665928674044,1.2131798775650395,54.95399369831368,34.541536053031486,2024-01-18 09:11:17.975,35.04600630168632,304.2746381344915
146,2024-01-18 09:11:18.719,174897.59189711604,0.040784999999999995,19957490.047413558,2024-01-18T09:11:18.719,-16.699906871772832,-21.653785446710152,5.030827689270192,1.2183149948692744,54.61035230187435,33.83174795538302,2024-01-18 09:11:18.719,35.38964769812565,308.0552863589573
147,2024-01-18 09:11:19.465,169693.99376669154,0.040784999999999995,20018391.85764955,2024-01-18T09:11:19.465,-16.667113474478768,-21.657093608947662,5.062273928133565,1.2235775271386728,54.26412005618435,33.13730607800114,2024-01-18 09:11:19.465,35.73587994381565,311.8920216742459
148,2024-01-18 09:11:20.212,164316.19767224323,0.040784999999999995,20072442.065123104,2024-01-18T09:11:20.212,-16.632148238741088,-21.66002117602183,5.095861225636776,1.2289602974639138,53.91598529182026,32.45881627266578,2024-01-18 09:11:20.212,36.08401470817974,315.7783026596533
149,2024-01-18 09:11:20.953,169337.6717207441,0.040784999999999995,20134748.560840163,2024-01-18T09:11:20.953,-16.66483125763788,-21.66338616975992,5.061782895587112,1.23441093326187,53.56944609535465,31.802045524810246,2024-01-18 09:11:20.953,36.43055390464535,319.67567412993907
150,2024-01-18 09:11:21.700,158498.4543768363,0.040784999999999995,20201643.950521465,2024-01-18T09:11:21.700,-16.593009875794646,-21.666987424536302,5.132169202982865,1.2400169001747372,53.21910393174492,31.155935431305025,2024-01-18 09:11:21.700,36.78089606825508,323.6457054960213
151,2024-01-18 09:11:22.443,151786.14443109743,0.040784999999999995,20236518.203561384,2024-01-18T09:11:22.443,-16.54602762072239,-21.668860123319313,5.17769592128211,1.24570280100329,52.86984743615521,30.528783684364896,2024-01-18 09:11:22.443,37.13015256384479,327.63393697078664
152,2024-01-18 09:11:23.190,147255.4320000587,0.040784999999999995,20311185.561811388,2024-01-18T09:11:23.190,-16.513125607420807,-21.67285882796953,5.209106468492557,1.2515290559221626,52.51811099967477,29.913423534257593,2024-01-18 09:11:23.190,37.48188900032523,331.681877342432
153,2024-01-18 09:11:24.046,154166.63126330264,0.040784999999999995,20384680.16582409,2024-01-18T09:11:24.046,-16.562923253646026,-21.676780397777875,5.157565355661204,1.258339724264033,52.114550616597974,29.2264437803195,2024-01-18 09:11:24.046,37.885449383402026,336.36584318693144
154,2024-01-18 09:11:24.794,161102.14622885827,0.040784999999999995,20445319.639779016,2024-01-18T09:11:24.794,-16.610700612587564,-21.680005404931006,5.108234677477447,1.2644076019914223,51.76166943950287,28.64157375551946,2024-01-18 09:11:24.794,38.23833056049713,340.4970097942507
155,2024-01-18 09:11:25.660,152385.79945410043,0.041093,20506773.896513827,2024-01-18T09:11:25.660,-16.542140087840792,-21.675095547049064,5.174962377324077,1.2715673390805478,51.353074757852255,27.981873808223806,2024-01-18 09:11:25.660,38.646925242147745,345.32259706660176
156,2024-01-18 09:11:26.402,148368.91109486297,0.044177999999999995,20579264.720287696,2024-01-18T09:11:26.402,-16.43454060988799,-21.600331317077686,5.280962273926704,1.2778159348515032,51.003125290337984,27.4310832648427,2024-01-18 09:11:26.402,38.996874709662016,349.4923169511449
157,2024-01-18 09:11:27.235,162730.4578682417,0.046028,22167474.769594662,2024-01-18T09:11:27.235,-16.49031531863834,-21.636507105938563,5.223359962400011,1.2849552722649946,50.61060311286763,26.82814690809956,2024-01-18 09:11:27.235,39.38939688713237,354.2105166702461
158,2024-01-18 09:11:28.090,170069.74570290744,0.051888,22883803.920520388,2024-01-18T09:11:28.090,-16.408098791204274,-21.540925026244988,5.30366586230133,1.292418937129355,50.20829252531056,26.22571477721896,2024-01-18 09:11:28.090,39.79170747468944,359.09257685624175
159,2024-01-18 09:11:28.843,155925.14801596664,0.056999999999999995,25436154.95933456,2024-01-18T09:11:28.843,-16.211801736988,-21.55371332592534,5.498251293794293,1.2991052107028622,49.85461956624778,25.708509481524693,2024-01-18 09:11:28.843,40.14538043375222,363.4238858187047
160,2024-01-18 09:11:29.682,200401.31350823492,0.059,28553178.6380188,2024-01-18T09:11:29.682,-16.446819843941533,-21.64177793687012,5.2612944179503955,1.306678806811533,49.461426406205845,25.146512349232946,2024-01-18 09:11:29.682,40.538573593794155,368.283477140492
161,2024-01-18 09:11:30.444,193866.07207185216,0.059,30168068.463114485,2024-01-18T09:11:30.444,-16.410822962430434,-21.701510543255548,5.295501761659463,1.3136694474191586,49.10525134133206,24.64874336291612,2024-01-18 09:11:30.444,40.89474865866794,372.72664806441026
162,2024-01-18 09:11:31.292,200244.3480725456,0.059,30265628.630064122,2024-01-18T09:11:31.292,-16.445969101844536,-21.705016027861333,5.258332245245421,1.3215735561807946,48.710069524743226,24.10851089528181,2024-01-18 09:11:31.292,41.289930475256774,377.7031272204106
163,2024-01-18 09:11:32.028,191946.3898704592,0.059,30380678.941268183,2024-01-18T09:11:32.028,-16.400018305381018,-21.70913546870105,5.302499889882652,1.3285392506479639,48.3682125368131,23.650990219919358,2024-01-18 09:11:32.028,41.6317874631869,382.04855372536895
164,2024-01-18 09:11:32.789,199191.3933759872,0.059,30459401.618219346,2024-01-18T09:11:32.789,-16.440244858540655,-21.71194519897806,5.260403412359113,1.3358439128778627,48.01595287655761,23.188696697593542,2024-01-18 09:11:32.789,41.98404712344239,386.5662881709995
165,2024-01-18 09:11:33.646,187365.6991345249,0.059,30579654.077524498,2024-01-18T09:11:33.646,-16.373793654439254,-21.716223201519433,5.324717139264563,1.3441937420163868,47.620846681626084,22.680796695310757,2024-01-18 09:11:33.646,42.379153318373916,391.68293461285117
166,2024-01-18 09:11:34.370,193490.3358585164,0.059,30689746.734046824,2024-01-18T09:11:34.370,-16.408716630742855,-21.720125041920205,5.287962456617107,1.3513491095833956,47.28846284776514,22.26189784494854,2024-01-18 09:11:34.370,42.71153715223486,396.02861297810534
167,2024-01-18 09:11:35.121,200995.3082506247,0.059,30804331.719799574,2024-01-18T09:11:35.121,-16.45003323455348,-21.724171259529044,5.2447209012755485,1.3588687296353328,46.94512542629535,21.836933710066624,2024-01-18 09:11:35.121,43.05487457370465,400.55792781762364
168,2024-01-18 09:11:35.865,182555.25220757537,0.059,30921980.809508,2024-01-18T09:11:35.865,-16.34555426543964,-21.72831004655834,5.347267988696307,1.3664154216344855,46.606509602318816,21.42525429873711,2024-01-18 09:11:35.865,43.393490397681184,405.0659746311856
169,2024-01-18 09:11:36.626,206010.19317409582,0.059,30983251.843466006,2024-01-18T09:11:36.626,-16.4767902079636,-21.730459273650883,5.214030581161716,1.3742339335218503,46.26179501446323,21.013492255004955,2024-01-18 09:11:36.626,43.73820498553677,409.6978819603548
170,2024-01-18 09:11:37.361,183092.39269740507,0.059,31115703.226802886,2024-01-18T09:11:37.361,-16.348744185049327,-21.73509083243222,5.340119254289679,1.381880113940042,45.93049464019147,20.624494346221244,2024-01-18 09:11:37.361,44.06950535980853,414.1909019876438
171,2024-01-18 09:11:38.118,174813.92606447265,0.059,31234528.219360307,2024-01-18T09:11:38.118,-16.29850850093401,-21.739229157171252,5.388314236218922,1.389851901713314,45.591020488928905,20.232529430268105,2024-01-18 09:11:38.118,44.408979511071095,418.8376460682853
172,2024-01-18 09:11:38.958,144881.91575491242,0.059,31360602.612318337,2024-01-18T09:11:38.958,-16.0946038845023,-21.74360277908745,5.589925179319094,1.3988118945750898,45.21646498917832,19.807588926716747,2024-01-18 09:11:38.958,44.78353501082168,424.01595695741815
173,2024-01-18 09:11:39.720,158141.79800901935,0.059,31459665.250382595,2024-01-18T09:11:39.720,-16.189685115202835,-21.747027023698212,5.492736840821077,1.4070430888627925,44.87869617318779,19.430936324611846,2024-01-18 09:11:39.720,45.12130382681221,428.73284027906567
174,2024-01-18 09:11:40.462,174640.9989537783,0.059,31567598.277477264,2024-01-18T09:11:40.462,-16.297433951819094,-21.750745633810737,5.3829122027474074,1.4151519882361754,44.55167673960503,19.07200256888482,2024-01-18 09:11:40.462,45.44832326039497,433.34307848624536
175,2024-01-18 09:11:41.301,149987.5101774428,0.059,31702428.932155237,2024-01-18T09:11:41.301,-16.13220617411731,-21.755373124942118,5.545764466058868,1.4244316845589537,44.18420035029271,18.675182670481874,2024-01-18 09:11:41.301,45.81579964970729,438.5757224360754
176,2024-01-18 09:11:42.043,164075.8493467644,0.059,31801762.729283027,2024-01-18T09:11:42.043,-16.229680087296586,-21.758769763338325,5.446164760855718,1.4327358668056718,43.861281189989505,18.331999996140205,2024-01-18 09:11:42.043,46.138718810010495,443.22027250581164
177,2024-01-18 09:11:42.786,144862.31114803068,0.059,31933940.370190106,2024-01-18T09:11:42.786,-16.094456958838023,-21.763273055808654,5.579235931718349,1.4411422620988787,43.539912887856964,17.995441285742753,2024-01-18 09:11:42.786,46.460087112143036,447.8864379435292
178,2024-01-18 09:11:43.540,141404.41369287856,0.059,32051518.363326266,2024-01-18T09:11:43.540,-16.06822584814108,-21.767263300787594,5.603259520381032,1.4497657140077536,43.21585201302681,17.66094768856568,2024-01-18 09:11:43.540,46.78414798697319,452.6369085499095
179,2024-01-18 09:11:44.292,156534.00778867863,0.059,32151122.067883767,2024-01-18T09:11:44.292,-16.17859019649481,-21.770632116593323,5.49066984979567,1.4584587005095386,42.8947534948668,17.334215922377744,2024-01-18 09:11:44.292,47.1052465051332,457.3895816498082
180,2024-01-18 09:11:45.037,150029.20351772383,0.059,32237518.698232032,2024-01-18T09:11:45.037,-16.132507943767237,-21.773545798407937,5.534524322017081,1.4671612900013997,42.578741960728244,17.017107644947885,2024-01-18 09:11:45.037,47.421258039271756,462.11214556322994
181,2024-01-18 09:11:45.775,140045.98130906373,0.059,32379387.14080091,2024-01-18T09:11:45.775,-16.057745062183614,-21.77831334182111,5.607057730594667,1.47587049106545,42.26778242843815,16.709261051472126,2024-01-18 09:11:45.775,47.73221757156185,466.8037849998222
182,2024-01-18 09:11:46.648,135920.86790701374,0.059,32463752.3343219,2024-01-18T09:11:46.648,-16.025283782110197,-21.781138571982815,5.6368527849706815,1.4862858204360805,41.90264520659677,16.352941782933147,2024-01-18 09:11:46.648,48.09735479340323,472.37038770051555
183,2024-01-18 09:11:47.370,132375.18572874926,0.059,32622067.333097253,2024-01-18T09:11:47.370,-15.996584890722385,-21.78642048026341,5.66332305497824,1.4949916947138604,41.602900182209524,16.064492117155783,2024-01-18 09:11:47.370,48.397099817790476,476.98743205306346
184,2024-01-18 09:11:48.118,123715.93673276156,0.059,32752821.033002384,2024-01-18T09:11:48.118,-15.92313255410357,-21.79076356118449,5.734444124386157,1.504098544098781,41.29451280955946,15.77144270066586,2024-01-18 09:11:48.118,48.70548719044054,481.7830280291303
185,2024-01-18 09:11:48.863,144353.55328187905,0.059,32843624.075029228,2024-01-18T09:11:48.863,-16.09063713100398,-21.79376946228294,5.56459508017693,1.5132569582734732,40.98955317177127,15.485267188948782,2024-01-18 09:11:48.863,49.01044682822873,486.5714586077629
186,2024-01-18 09:11:49.508,133389.3064898327,0.059,32976701.97621154,2024-01-18T09:11:49.508,-16.004870971088533,-21.798159829238415,5.648313364624202,1.5212567677164088,40.727303153885416,15.241980094643885,2024-01-18 09:11:49.508,49.272696846114584,490.7266035258815
187,2024-01-18 09:11:50.250,137814.4396509491,0.059,33044478.632295825,2024-01-18T09:11:50.250,-16.040305243619137,-21.800389040970796,5.610502544350044,1.5305405007245554,40.427661189544025,14.967112600437575,2024-01-18 09:11:50.250,49.572338810455975,495.5171869261885
188,2024-01-18 09:11:50.997,112888.3332966175,0.059,33193627.62642713,2024-01-18T09:11:50.997,-15.823691087307555,-21.80527857497659,5.8247018542226305,1.5399738435455106,40.128220815800724,14.695667338332909,2024-01-18 09:11:50.997,49.871779184199276,500.35114843789313
189,2024-01-18 09:11:51.751,114030.55699045211,0.059,33298132.08424716,2024-01-18T09:11:51.751,-15.834621548768775,-21.808691460041885,5.811311329505568,1.5495838210906072,39.82824103346036,14.426903198882703,2024-01-18 09:11:51.751,50.17175896653964,505.2413764961019
190,2024-01-18 09:11:52.502,137507.86123020202,0.059,33404886.181281246,2024-01-18T09:11:52.502,-16.037887252577264,-21.812166771658408,5.6055728752389005,1.5592433598529851,39.531723648018136,14.164288425568813,2024-01-18 09:11:52.502,50.468276351981864,510.1227895646285
191,2024-01-18 09:11:53.235,109260.37782558985,0.059,33563812.24183761,2024-01-18T09:11:53.235,-15.788225179552901,-21.817319988185382,5.852799909227687,1.5687555829219377,39.24450022281473,13.912729393504042,2024-01-18 09:11:53.235,50.75549977718527,514.8971593347093
192,2024-01-18 09:11:54.090,121670.06439879164,0.059,33630729.827994786,2024-01-18T09:11:54.090,-15.905027779394175,-21.81948251114653,5.733130171091583,1.5799557561559254,38.912203843793364,13.62508298140549,2024-01-18 09:11:54.090,51.087796156206636,520.4782356500177
193,2024-01-18 09:11:54.942,117428.26866460033,0.059,33781076.55721144,2024-01-18T09:11:54.942,-15.866500079069144,-21.82432549538281,5.768772168738521,1.5912284491943751,38.58400080362965,13.34446520612597,2024-01-18 09:11:54.942,51.41599919637035,526.0522629162052
194,2024-01-18 09:11:55.697,92453.8338399101,0.059,33961628.25202902,2024-01-18T09:11:55.697,-15.606880747153902,-21.830113040377476,6.025810531002579,1.601310734815911,38.29560455222109,13.100675656275556,2024-01-18 09:11:55.697,51.70439544777891,531.0018295655191
195,2024-01-18 09:11:56.549,109084.18877758831,0.059,34050943.570413865,2024-01-18T09:11:56.549,-15.786472950287088,-21.83296465818742,5.843278981242427,1.6127929822806095,37.9729074026724,12.830917620487329,2024-01-18 09:11:56.549,52.0270925973276,536.5984033897179
196,2024-01-18 09:11:57.275,98274.85524554178,0.059,34188850.26706641,2024-01-18T09:11:57.275,-15.673174466583088,-21.83735302130671,5.954050459223003,1.6226644635121374,37.70023130971469,12.605413989442022,2024-01-18 09:11:57.275,52.29976869028531,541.3763437420758
197,2024-01-18 09:11:58.026,104498.28668200411,0.059,34333308.68343611,2024-01-18T09:11:58.026,-15.739841359498303,-21.841930926250214,5.884747953490281,1.632960206897451,37.420385808393135,12.376256462695398,2024-01-18 09:11:58.026,52.579614191606865,546.327312260184
198,2024-01-18 09:11:58.771,105406.57181380317,0.059,34432081.64479253,2024-01-18T09:11:58.771,-15.749237656600965,-21.845049979408692,5.87271545403976,1.6432582532208926,37.14500114598817,12.152958025849271,2024-01-18 09:11:58.771,52.85499885401183,551.2470396668053
199,2024-01-18 09:11:59.639,97347.41193439439,0.059,34552548.95415065,2024-01-18T09:11:59.639,-15.66287945937497,-21.848842008186114,5.9559750728721,1.655362522781445,36.82693637019599,11.897720329824029,2024-01-18 09:11:59.639,53.17306362980401,556.9891709964446
200,2024-01-18 09:12:00.373,109754.79360479861,0.059,34689429.37529126,2024-01-18T09:12:00.373,-15.793127178077066,-21.85313467070481,5.82308437779035,1.665687031145353,36.56030505014586,11.685916714241188,2024-01-18 09:12:00.373,53.43969494985414,561.8531380667431
201,2024-01-18 09:12:01.110,90966.52073429711,0.059,34807250.80182944,2024-01-18T09:12:01.110,-15.589272395185061,-21.856816087161622,6.024264440701232,1.6761355425391002,36.294724556466754,11.476868426258978,2024-01-18 09:12:01.110,53.705275443533246,566.7444244275896
202,2024-01-18 09:12:01.866,104170.41779070906,0.059,34951738.232213415,2024-01-18T09:12:01.866,-15.736429449508831,-21.861313728564,5.874341938414609,1.686938473220664,36.02451642149848,11.266109040667951,2024-01-18 09:12:01.866,53.97548357850152,571.7693557704328
203,2024-01-18 09:12:02.619,95685.43679917417,0.059,35062047.528156415,2024-01-18T09:12:02.619,-15.64418304394984,-21.86473496608532,5.963811976276011,1.6977840606938344,35.75760404776676,11.059798574687266,2024-01-18 09:12:02.619,54.24239595223324,576.7817492539649
204,2024-01-18 09:12:03.354,109795.23104186542,0.059,35181065.24266136,2024-01-18T09:12:03.354,-15.793527126927158,-21.868414243959226,5.811736840474556,1.7084526303950724,35.49920147910013,10.86181274863244,2024-01-18 09:12:03.354,54.50079852089987,581.6812680495763
205,2024-01-18 09:12:04.098,84094.87275818549,0.059,35321684.33101596,2024-01-18T09:12:04.098,-15.50399222906017,-21.872745293136266,6.098486079191201,1.7193345139480698,35.23976590441591,10.664734531481056,2024-01-18 09:12:04.098,54.76023409558409,586.647591358101
206,2024-01-18 09:12:04.840,62726.639760101214,0.059,35435507.10893203,2024-01-18T09:12:04.840,-15.18569849255841,-21.876238411361932,6.413980449511784,1.7302699425707715,34.98315126678673,10.47144568705278,2024-01-18 09:12:04.840,55.01684873321327,591.6072191325779
207,2024-01-18 09:12:05.588,97478.20673779771,0.059,35558557.60954293,2024-01-18T09:12:05.588,-15.664337262263023,-21.880002120845038,5.932498261689292,1.7413774554362362,34.72659538689969,10.279810605395902,2024-01-18 09:12:05.588,55.27340461310031,596.613511602238
208,2024-01-18 09:12:06.341,78415.00437877141,0.059,35701518.511808395,2024-01-18T09:12:06.341,-15.42806636220366,-21.884358502262028,6.1658850237499365,1.752644036219806,34.47047508719853,10.09007957462025,2024-01-18 09:12:06.341,55.52952491280147,601.6597566860147
209,2024-01-18 09:12:06.990,89194.77452231944,0.059,35810479.94029192,2024-01-18T09:12:06.990,-15.567916964518192,-21.88766713471361,6.0235311446499535,1.7624228228588095,34.25144919470056,9.92905936009772,2024-01-18 09:12:06.990,55.74855080529944,606.0141438259751
210,2024-01-18 09:12:07.723,64333.62000457384,0.059,35928882.91540627,2024-01-18T09:12:07.723,-15.213163408374585,-21.891251067116787,6.375437962594656,1.7735433052704934,34.005978129612124,9.749926481881133,2024-01-18 09:12:07.723,55.994021870387876,610.9376651801757
211,2024-01-18 09:12:08.576,86005.49724419415,0.059,36026878.75861178,2024-01-18T09:12:08.576,-15.528383962309393,-21.894208375835063,6.05687862819374,1.7865858988831178,33.722845131005364,9.545026763197718,2024-01-18 09:12:08.576,56.277154868994636,616.6744486499341
212,2024-01-18 09:12:09.324,71194.24493470788,0.059,36179768.73392256,2024-01-18T09:12:09.324,-15.323180655548374,-21.898806246955832,6.259131113583964,1.7981129712238726,33.47678227577509,9.368424054179606,2024-01-18 09:12:09.324,56.52321772422491,621.7113018753566
213,2024-01-18 09:12:10.164,79943.45213026553,0.059,36304461.13443889,2024-01-18T09:12:10.164,-15.449025679840243,-21.90254176811657,6.129946662562867,1.8111580893951782,33.20290562747743,9.173439763562598,2024-01-18 09:12:10.164,56.79709437252257,627.3744303310509
214,2024-01-18 09:12:10.919,82364.72541957349,0.059,36439868.665385336,2024-01-18T09:12:10.919,-15.481421571977219,-21.906583788407325,6.09452606567343,1.8229737793708978,32.95893747629111,9.001129172098914,2024-01-18 09:12:10.919,57.04106252370889,632.4704642264796
215,2024-01-18 09:12:11.671,65981.70438456349,0.059,36580492.134950124,2024-01-18T09:12:11.671,-15.240627258813424,-21.91076564068038,6.3322858384037595,1.8348278913966851,32.7179873307917,8.832207335934589,2024-01-18 09:12:11.671,57.2820126692083,637.5517200711153
216,2024-01-18 09:12:12.420,64511.57042144984,0.059,36708791.580555126,2024-01-18T09:12:12.420,-15.216162469999814,-21.91456700121713,6.353706484115264,1.8467195152343265,32.48001438163026,8.66658121160595,2024-01-18 09:12:12.420,57.51998561836974,642.6180052426992
217,2024-01-18 09:12:13.163,82726.67962532863,0.059,36812647.96884777,2024-01-18T09:12:13.163,-15.486182418433408,-21.917634425265362,6.080645341310351,1.8585996201662738,32.245919327602806,8.504809205526364,2024-01-18 09:12:13.163,57.754080672397194,647.6488112778018
218,2024-01-18 09:12:14.015,82603.34526116587,0.059,36940275.570016876,2024-01-18T09:12:14.015,-15.484562523808771,-21.921392108052288,6.078751566416977,1.8723253994074298,31.979877740297376,8.322331053452379,2024-01-18 09:12:14.015,58.020122259702624,653.4237575795576
219,2024-01-18 09:12:14.759,44400.32870687917,0.059,37121230.08767816,2024-01-18T09:12:14.759,-14.810533897888796,-21.926697678346887,6.74968887179819,1.884401316923629,31.74963459068327,8.165567284016737,2024-01-18 09:12:14.759,58.25036540931673,658.4718787265004
220,2024-01-18 09:12:15.608,13730.881725316867,0.059,37570707.78399328,2024-01-18T09:12:15.608,-13.536314500216049,-21.939765222529914,8.020354367180987,1.8982842612433615,31.48923835056936,7.989551611008935,2024-01-18 09:12:15.608,58.51076164943064,664.238224398332
221,2024-01-18 09:12:16.352,-1743.5334418248385,0.059,37829922.035719536,2024-01-18T09:12:16.352,,-21.94723039642327,,1.9105404960570809,31.26307912839532,7.837764275291036,2024-01-18 09:12:16.352,58.73692087160468,669.2963712558352
222,2024-01-18 09:12:17.098,-13070.289240051061,0.059,38112197.03673656,2024-01-18T09:12:17.098,,-21.955301743482657,,1.9229145419553788,31.038200360198974,7.68782350789518,2024-01-18 09:12:17.098,58.96179963980103,674.3726528170636
223,2024-01-18 09:12:17.837,2606.3275336716324,0.059,38238088.04562002,2024-01-18T09:12:17.837,-11.732140914614675,-21.958882202937943,9.81506341560998,1.9352564770940148,30.81727926821544,7.541467946794234,2024-01-18 09:12:17.837,59.182720731784556,679.4056829020776
224,2024-01-18 09:12:18.597,2240255.346306935,0.059,32300444.658733085,2024-01-18T09:12:18.597,-19.06781224066422,-21.775663033338564,2.476120506720374,1.948036570270574,30.591980575117404,7.393166202765895,2024-01-18 09:12:18.597,59.408019424882596,684.5861834615984
225,2024-01-18 09:12:19.337,5020284.737711938,0.059,22282706.880665667,2024-01-18T09:12:19.337,-19.9438893093823,-21.372561649200566,1.5968360768680738,1.9605657881293723,30.374445025143554,7.250877261991188,2024-01-18 09:12:19.337,59.62555497485644,689.6345942825546
226,2024-01-18 09:12:20.078,13634.595192361623,0.059,38052508.07097991,2024-01-18T09:12:20.078,-13.528674055535234,-21.953599997658998,8.008817944200871,1.9731966713893598,30.158411826563945,7.1104381035271285,2024-01-18 09:12:20.078,59.84158817343605,694.6939275288604
227,2024-01-18 09:12:20.825,-1573.1547399386764,0.059,37972832.43205984,2024-01-18T09:12:20.825,,-21.951324262833968,,1.9860159289689818,29.942431518455802,6.970886855381098,2024-01-18 09:12:20.825,60.057568481544195,699.7982910455628
228,2024-01-18 09:12:21.572,19004.54190865904,0.059,38049481.7320137,2024-01-18T09:12:21.572,-13.889211948835168,-21.953513644968517,7.641694629133863,1.9989219266876717,29.728243207529065,6.833326432960914,2024-01-18 09:12:21.572,60.27175679247094,704.906647853877
229,2024-01-18 09:12:22.321,380.2659419886768,0.059,37738760.19441353,2024-01-18T09:12:22.321,-9.642287009962377,-21.944610852011742,11.885284535900462,2.0119498777277727,29.515263080313073,6.6973549424556875,2024-01-18 09:12:22.321,60.484736919686924,710.0326056809907
230,2024-01-18 09:12:23.071,282919.7168709729,0.059,37122166.19434167,2024-01-18T09:12:23.071,-16.821226471579486,-21.926725057614192,4.70298305769227,2.025083240810943,29.30376857400308,6.56312501006835,2024-01-18 09:12:23.071,60.69623142599692,715.1692610589545
231,2024-01-18 09:12:23.801,4503520.914288184,0.059,25807956.895847492,2024-01-18T09:12:23.801,-19.82594889444728,-21.53202584252952,1.694966535486731,2.0379512923099696,29.099598063090284,6.434284851101644,2024-01-18 09:12:23.801,60.90040193690972,720.1725651780397
232,2024-01-18 09:12:24.549,8139.209652433172,0.059,37834127.579049185,2024-01-18T09:12:24.549,-12.968524022905168,-21.947351090747237,8.548993751741364,2.051223874200332,28.892099396250412,6.304082620448638,2024-01-18 09:12:24.549,61.107900603749584,725.3028721667591
233,2024-01-18 09:12:25.292,4071570.0294331536,0.059,21321723.76615169,2024-01-18T09:12:25.292,-19.71647320681881,-21.32469756215828,1.7976471538713212,2.0644955133562917,28.68768034468836,6.17653264547184,2024-01-18 09:12:25.292,61.31231965531164,730.4024521295916
234,2024-01-18 09:12:26.035,-5279.67495652847,0.059,37668766.525208406,2024-01-18T09:12:26.035,,-21.942595279140154,,2.0778550142242125,28.48493111781754,6.050722855876273,2024-01-18 09:12:26.035,61.51506888218246,735.5055137229476
235,2024-01-18 09:12:26.798,4816.69984485209,0.059,37617705.58129061,2024-01-18T09:12:26.798,-12.39894239427198,-21.941122538489417,9.108222584765,2.0916659779147153,28.278444310162932,5.923301115301528,2024-01-18 09:12:26.798,61.72155568983707,740.7494881960855
236,2024-01-18 09:12:27.435,4569.655134471133,0.059,37607662.14335573,2024-01-18T09:12:27.435,-12.341776998854728,-21.940832622345944,9.162418014615003,2.1032678350389915,28.10737798341855,5.8182724349342765,2024-01-18 09:12:27.435,61.89262201658145,745.1301862339635
237,2024-01-18 09:12:28.172,336026.4235681975,0.059,18860098.437184893,2024-01-18T09:12:28.172,-17.00800200871173,-21.191501668639688,4.492735888445096,2.1167726951513828,27.910942662746656,5.698260659201043,2024-01-18 09:12:28.172,62.089057337253344,750.2015999178196
238,2024-01-18 09:12:28.919,5251264.939383603,0.059,22292156.080209985,2024-01-18T09:12:28.919,-19.992728259785217,-21.373021968650747,1.5044826182529385,2.1305506231989852,27.71345270427624,5.578237157044576,2024-01-18 09:12:28.919,62.286547295723764,755.3450555229165
239,2024-01-18 09:12:29.663,-2375.0354385953397,0.059,37362992.411173746,2024-01-18T09:12:29.663,,-21.933745910054835,,2.144363557944473,27.51835088693713,5.460281842455641,2024-01-18 09:12:29.663,62.48164911306287,760.4710231841925
240,2024-01-18 09:12:30.412,4104730.489282172,0.059,26346309.318504803,2024-01-18T09:12:30.412,-19.725280052688966,-21.55444124666672,1.7648116672482954,2.1583608631702873,27.32352885771142,5.3431015691736645,2024-01-18 09:12:30.412,62.67647114228858,765.6345704240338
241,2024-01-18 09:12:31.159,10678.55337513052,0.059,37295276.277499884,2024-01-18T09:12:31.159,-13.263349491475498,-21.93177635251141,8.22314507574537,2.1724127607175205,27.13080012504023,5.227770488447907,2024-01-18 09:12:31.159,62.86919987495977,770.7873970929614
